Country Name,Country Code,Series Name,Series Code,2000 [YR2000],2001 [YR2001],2002 [YR2002],2003 [YR2003],2004 [YR2004],2005 [YR2005],2006 [YR2006],2007 [YR2007],2008 [YR2008],2009 [YR2009],2010 [YR2010],2011 [YR2011],2012 [YR2012],2013 [YR2013],2014 [YR2014],2015 [YR2015],2016 [YR2016],2017 [YR2017],2018 [YR2018],2019 [YR2019]
Afghanistan,AFG,GDP growth (annual %),NY.GDP.MKTP.KD.ZG,..,..,..,8.83227780370231,1.41411798021916,11.2297148388595,5.35740324754602,13.8263195390595,3.92498382284523,21.390528405312,14.3624414596815,0.426354792856571,12.7522870825788,5.60074466131904,2.72454336495028,1.45131465458005,2.2603142045464,2.66529204636834,1.84008854330573,2.90122896413847
Albania,ALB,GDP growth (annual %),NY.GDP.MKTP.KD.ZG,6.95003613422918,8.29007002725659,4.53996064044719,5.53005077793323,5.5099986931984,5.52991480926491,5.90008395738064,5.97998203625438,7.49996956029166,3.35006652793865,3.70689230100685,2.54532184477017,1.41752599216282,1.00198715014967,1.77448678495496,2.21875223166761,3.31480475341897,3.80219748796804,4.0713012947902,2.21406315283737
Algeria,DZA,GDP growth (annual %),NY.GDP.MKTP.KD.ZG,3.8,3,5.59999999988446,7.19999999958429,4.29999999977298,5.89999999978468,1.70000000041344,3.40000000072681,2.39999999908618,1.60000000106413,3.59999999969583,2.90000000095189,3.39999999820542,2.80000000025291,3.80000000077902,3.70000000057085,3.19999999983371,1.29999999902873,1.40000000081805,0.800000000000026
Andorra,AND,GDP growth (annual %),NY.GDP.MKTP.KD.ZG,3.52836129711103,8.11935772169949,4.54636221364653,8.69420371612468,8.13567633837351,5.39779598500422,4.80868869916921,1.55318814103222,-5.55918636850581,-5.30284654348291,-1.97495799965346,-0.00806975341139093,-4.97444371853503,-3.54759651549344,2.50446552114518,1.43414039522716,3.70967806978986,0.346071889630295,1.58876549046354,1.84923825726078
Angola,AGO,GDP growth (annual %),NY.GDP.MKTP.KD.ZG,3.05462423430785,4.2059985561951,13.6656865230232,2.98985001039553,10.9528617687103,15.0289153175302,11.5476831781633,14.0100182426328,11.1661383303613,0.858712615098312,4.85919754128949,3.47198137570336,8.54214733662195,4.95459047039728,4.82262555122684,0.943575613388759,-2.58009724323077,-0.147207419438828,-2.00357675383141,-0.869393785304467
Antigua and Barbuda,ATG,GDP growth (annual %),NY.GDP.MKTP.KD.ZG,6.69174238194239,-4.95407471089256,1.02410086163871,6.05790854956044,5.736460188482,6.41240516399535,12.728507447159,9.25942055972271,-0.03013326815055,-12.1075361856213,-7.57435721754354,-1.9586126283434,3.37286620031864,-0.600876396735046,3.79572761294251,3.82529309880827,5.49778845610642,3.14554360323187,7.38919716232351,4.65040224998366
Argentina,ARG,GDP growth (annual %),NY.GDP.MKTP.KD.ZG,-0.78899893905691,-4.40883968258557,-10.8944848285903,8.83704079576924,9.02957330068155,8.85165992013435,8.04715150043027,9.00765087504757,4.05723310346406,-5.91852507634947,10.1253981561002,6.00395169280579,-1.02642045443208,2.40532378079436,-2.51261532081396,2.73115982828946,-2.08032784377811,2.66859037935303,-2.48179244509274,-2.16295212091666
Armenia,ARM,GDP growth (annual %),NY.GDP.MKTP.KD.ZG,5.89999999999988,9.59999999999989,13.2,14.0000000000001,10.4999999999999,13.9,13.2,13.7000000000002,6.89999999999998,-14.1000000000001,2.20000000000017,4.69999999999983,7.20000000000003,3.3,3.60000000000001,3.20000000000005,0.200000000000003,7.49999999999989,5.2,7.59999999999998
Aruba,ABW,GDP growth (annual %),NY.GDP.MKTP.KD.ZG,7.61658819396467,-2.97125672435799,-3.2736464106481,1.97554726158631,7.91156346581525,1.21434934877203,1.05060752796375,1.80022597148812,-0.0907080463222769,-10.5197485358487,-3.68502938723299,3.44605475040258,-1.36986301369863,4.19823232323233,0.299999999999983,5.70000087589398,2.09999958566985,1.9999991044233,..,..
Australia,AUS,GDP growth (annual %),NY.GDP.MKTP.KD.ZG,3.93309702604363,1.93088254446003,4.00137703160961,2.9859404859405,4.05555187381954,3.20416012202685,2.7945833156557,3.84430955287924,3.65791265061549,1.93692176952554,2.06746567730687,2.46278617259068,3.91816177220686,2.58487511083116,2.5331154467595,2.1926400283338,2.77065669252896,2.36761725296472,2.94033358170461,1.89682574004799
Austria,AUT,GDP growth (annual %),NY.GDP.MKTP.KD.ZG,3.37572214708479,1.26716818922992,1.65155392186669,0.941470920725337,2.73512022241023,2.24406532463878,3.45404183614122,3.72741530093519,1.4604236757386,-3.76457817791677,1.83709367680054,2.92279728368581,0.680445576816723,0.0255047121972183,0.661272848852605,1.01450158590511,2.08260842829317,2.47644392123686,2.41976363780752,1.61295932765668
Azerbaijan,AZE,GDP growth (annual %),NY.GDP.MKTP.KD.ZG,11.0999995034959,9.90000013022203,9.43891634238625,10.2083000110732,9.25380132627771,27.9615380685244,34.4662093637953,25.4632159061216,10.5914372943933,9.36907477711533,4.78924279245965,-1.57299762108386,2.20293902267818,5.84341576237273,2.79758543403612,1.0495463680441,-3.06359845351251,0.153614646686307,1.50040170699388,2.21870427670238
"Bahamas, The",BHS,GDP growth (annual %),NY.GDP.MKTP.KD.ZG,4.14924301720671,2.62568405842836,2.70456161502959,-1.26472077068983,0.882839929779749,3.39535559727943,2.51684911910279,1.44654463506183,-2.32396697254454,-4.17526040073236,1.53877740677106,0.6128974521461,3.0868791768835,-2.95209560730262,0.736540805302539,0.597576299988447,0.446254967609775,0.0666644634030007,1.56575993568239,1.79925562139633
Bahrain,BHR,GDP growth (annual %),NY.GDP.MKTP.KD.ZG,5.30007005600883,2.49094810829847,3.3485506679412,6.29644197869368,6.98096059429825,6.76899787107483,6.46700012199585,8.29396044759683,6.24501077496258,2.53988593585052,4.33429917283131,1.98351501159991,3.72810843046017,5.41683981012071,4.35039085252969,2.86304730414378,3.47351657476945,3.8117061903064,1.95718329709366,1.81956900625906
Bangladesh,BGD,GDP growth (annual %),NY.GDP.MKTP.KD.ZG,5.2932947184604,5.07728777597312,3.83312394005608,4.73956739916446,5.2395329104527,6.53594494052352,6.67190498148148,7.0585993565727,6.01378975923306,5.04512479417738,5.57180227396866,6.46438388047517,6.52143507837333,6.01361036536019,6.06105935903958,6.55263987869203,7.1135024597439,7.28418409195113,7.86370889257542,8.15268494677524
Barbados,BRB,GDP growth (annual %),NY.GDP.MKTP.KD.ZG,4.44718962322422,-2.36546422235364,0.787401574803141,2.17548076923077,1.41159863545465,3.95545760352627,5.90270029011381,2.2020861869139,0.701030927835049,-5.07780507780508,-2.28645383951682,-0.673289183222963,-0.455606178464279,-1.40656396517079,-0.124547101449281,2.44870196122888,2.47869868319133,0.475110679192298,-0.580333154218167,-0.0961355529131964
Belarus,BLR,GDP growth (annual %),NY.GDP.MKTP.KD.ZG,5.80000344007456,4.72530599387507,5.04526748002185,7.04319255874692,11.4497431053961,9.40000152357688,9.99999481247369,8.60000653624813,10.1999994395436,0.199995310014472,7.79826682269731,5.37870744981015,1.68713553642841,1.00347084085645,1.72638485417005,-3.82957055828382,-2.52644643552361,2.53218350023035,3.14919759374963,1.22209662862558
Belgium,BEL,GDP growth (annual %),NY.GDP.MKTP.KD.ZG,3.71667711251564,1.09961615969796,1.70688915887587,1.03795305343826,3.57119289125183,2.32173738004792,2.55235376695013,3.67691824085243,0.446916545344948,-2.02072581635507,2.86428532684397,1.69449744610768,0.739229905081658,0.459228050116039,1.57852322952448,2.0327889725624,1.47830076884792,1.90386213925837,1.48763483605245,1.40445520080598
Belize,BLZ,GDP growth (annual %),NY.GDP.MKTP.KD.ZG,13.0165280135448,4.68120906195541,4.74167623421353,9.3335525594651,4.78720737881598,1.94221201683888,4.82402627874237,0.505864446235108,3.49204935192195,0.219496449322151,3.0018036588508,1.91786533249947,2.41767232562897,1.30212494008629,3.63535998738269,2.84964236798051,0.0850811970554588,1.86649911295092,2.08990965494719,0.26655293741338
Benin,BEN,GDP growth (annual %),NY.GDP.MKTP.KD.ZG,5.85771420543269,5.33313570603937,4.64303087074482,3.44357677591658,4.42968455385082,1.71316456361184,3.94373882815798,5.98634932177609,4.89657708429647,2.31929213912838,2.11406472648392,2.96375291904201,4.811223315688,7.19143372144946,6.35767909791932,1.77815106030278,3.33967342629693,5.67155546944753,6.69725946087986,6.86568733525598
Bermuda,BMU,GDP growth (annual %),NY.GDP.MKTP.KD.ZG,9.31715557653585,7.2224360086321,-1.47779037455827,3.41070620413235,2.32126647646751,1.67420714931701,5.54386592809534,2.84589011430658,1.52789390961543,-5.28417714947457,-2.09411353414293,-3.33949441020565,-4.8345401709793,-2.51115443098975,..,..,..,..,..,..
Bhutan,BTN,GDP growth (annual %),NY.GDP.MKTP.KD.ZG,6.93302386169421,8.3489544828285,10.992281843751,7.82330236149748,6.00874223613263,7.287249352187,6.99973809500906,18.3608540555453,4.79946061155896,6.74833374849808,11.9458959983757,7.98261704055791,5.11840085800534,2.11997263298215,5.77649568013724,6.64223210535566,8.1270335383894,4.65183467529606,3.02764071925384,..
Bolivia,BOL,GDP growth (annual %),NY.GDP.MKTP.KD.ZG,2.50780755336397,1.68380093902091,2.4855648471145,2.71134070709702,4.17329431803543,4.42143476697063,4.79700917087203,4.56438275234794,6.14849719501387,3.35700125894111,4.12671936920815,5.20409594656597,5.12227466098376,6.79601170559745,5.46056715368503,4.85718801458208,4.26392185377313,4.19520701912501,4.22362276931993,2.21670710143222
Bosnia and Herzegovina,BIH,GDP growth (annual %),NY.GDP.MKTP.KD.ZG,5.50000050587647,4.39999928046061,5.30000063322893,3.9999997109357,6.09996679830309,8.75925684646388,5.41727019232148,5.85558507859649,5.42672647605687,-3.00275274835376,0.767250351348665,0.908241482463865,-0.699614302351236,2.35103569521404,1.14803202141205,3.08822714327496,3.14565228865749,2.11846162295903,3.71625074935496,2.58262786645444
Botswana,BWA,GDP growth (annual %),NY.GDP.MKTP.KD.ZG,1.98769585438754,0.250573866722732,6.06953086765014,4.62589479191556,2.70582173663567,4.55664565732843,8.36387106895727,8.27676379346968,6.24543736290877,-7.65231020253476,8.56363174773267,6.04831636706808,4.45616721309787,11.3434242527752,4.1492898931352,-1.69796561588223,4.30373745681474,2.90400634981967,4.47882348357265,2.96613593278983
Brazil,BRA,GDP growth (annual %),NY.GDP.MKTP.KD.ZG,4.38794944267383,1.38989640325894,3.05346185795254,1.14082899810009,5.75996463871775,3.20213137990235,3.96198872184989,6.06987060771837,5.09419544732717,-0.125811999414864,7.52822583005563,3.97442540583816,1.92115031836302,3.00484630505706,0.503955740242247,-3.54576339269425,-3.27591690782192,1.32286905404399,1.31722399870793,1.13658557200958
British Virgin Islands,VGB,GDP growth (annual %),NY.GDP.MKTP.KD.ZG,..,..,..,..,..,..,..,..,..,..,..,..,..,..,..,..,..,..,..,..
Brunei Darussalam,BRN,GDP growth (annual %),NY.GDP.MKTP.KD.ZG,2.84942185782728,2.744040517652,3.87209696704298,2.90395547653115,0.504318252687327,0.38750720823208,4.39771967752176,0.154581811742773,-1.93971463784671,-1.76453554132601,2.59896574643226,3.74531835205994,0.912841670964411,-2.12602851740175,-2.50835256222284,-0.392383487933557,-2.47791797864822,1.32860255161715,0.0522377907767719,3.86910980288788
Bulgaria,BGR,GDP growth (annual %),NY.GDP.MKTP.KD.ZG,4.78204232851405,3.81724003293755,5.95303387685426,5.15184150505048,6.44185968615297,7.15354183406107,6.80216596889672,6.55708232064536,6.08562708193034,-3.42357082039449,0.569823564525194,2.35098045583469,0.360583188287578,0.318735761322571,1.89454714241928,3.98952626923408,3.81153782976097,3.50660477401181,3.08418980095941,3.3716155456754
Burkina Faso,BFA,GDP growth (annual %),NY.GDP.MKTP.KD.ZG,1.8884738898946,6.61340574578617,4.3529638267236,7.80249389169157,4.47845213450258,8.66187323009638,6.25316468812014,4.11137901680618,5.79999174146441,2.96195085848565,8.44628157682938,6.62256261237535,6.45267238090545,5.79260559190561,4.32684561321506,3.91255719996406,5.95869171935315,6.15710463017187,6.81961748015405,5.68859898588265
Burundi,BDI,GDP growth (annual %),NY.GDP.MKTP.KD.ZG,-0.856864058424151,2.05580710835243,4.44651941224797,-1.22372796023444,4.83365776809453,0.900000000901912,5.41380714491444,3.45195248952621,4.8617129950775,3.81274693652152,5.12416330338039,4.03260249625296,4.44670822214543,4.9241952612883,4.24065164368079,-3.9000030859375,-0.600020000546493,0.500009998779461,1.60993308234522,1.84247667669986
Cabo Verde,CPV,GDP growth (annual %),NY.GDP.MKTP.KD.ZG,14.2848688321225,2.23165449284959,5.25089124613551,4.17625930175211,10.1970726091433,6.91245798811823,7.98375044704545,15.17068796854,6.65052052259701,-1.27042596756841,1.46679009706938,3.96888634471986,1.08191827877127,0.802797600574223,0.611212666207877,1.00686370684559,4.70579150927118,3.70203918776542,4.53116168434889,5.66775246034304
Cambodia,KHM,GDP growth (annual %),NY.GDP.MKTP.KD.ZG,10.7119948019697,7.44660697564721,6.57893950279684,8.50589555707633,10.340528776847,13.2500869136436,10.7710836701771,10.2125739126309,6.69157747471078,0.0866969592705971,5.96307857538696,7.0695699458918,7.31334550530008,7.35666514887974,7.14257110074294,7.03608717929632,7.03096677600881,6.82908244842493,7.46916920701493,7.05410693233324
Cameroon,CMR,GDP growth (annual %),NY.GDP.MKTP.KD.ZG,3.55337436416127,4.36808424217001,4.23720367718512,4.56719525637388,6.78095592377316,2.02066230714679,3.45766879254916,4.90220173244047,3.48880091903692,2.19866410193433,3.4225076411544,4.12927716056967,4.54326501566736,5.40426570971735,5.88405932668046,5.6514637436283,4.64848155096477,3.54908731821561,4.06240531944661,4.01721604289253
Canada,CAN,GDP growth (annual %),NY.GDP.MKTP.KD.ZG,4.91776271928404,1.40552759630168,3.42214614922985,3.81109019636681,3.91402875394738,4.99586090263904,4.16581760729689,6.86860886265184,1.00762267839971,-2.92840018378425,3.08949464358115,3.14688136648287,1.76222254955427,2.32912252230449,2.87003603874221,0.659176889011206,1.00139442897607,3.17072986626918,2.01363921173214,1.65604085428095
Chad,TCD,GDP growth (annual %),NY.GDP.MKTP.KD.ZG,-0.879681025444839,11.658134654294,8.49120981898056,14.7216670121033,33.6293718524659,17.3325337350837,0.648262014094541,3.27149957888643,3.05269153196825,4.21769555189633,13.550100859549,0.0828697984381677,8.88257607170316,5.70000136285864,6.89998504532167,2.7676756848447,-6.25552708545281,-2.98869598553931,2.37403780037783,3.24718191743432
Chile,CHL,GDP growth (annual %),NY.GDP.MKTP.KD.ZG,5.32693841912362,3.3030473125087,3.10697053227061,4.09104768470421,7.20953970945035,5.74283048945117,6.31717634314714,4.90532450356156,3.52953055326518,-1.5642394429907,5.84417729578996,6.11091882913644,5.31862800041417,4.04500429814895,1.76673978363868,2.3037670361239,1.71108928867399,1.18857258229856,3.94932089095181,1.05444255073994
China,CHN,GDP growth (annual %),NY.GDP.MKTP.KD.ZG,8.49150849150845,8.33991054985508,9.13064594463357,10.0356030262571,10.1112234580385,11.3957759412307,12.7194790206907,14.2313880356882,9.65428937259911,9.39981317141519,10.6361404632298,9.55091409001017,7.85962749328517,7.76861528412817,7.42452365619906,7.04185620085329,6.84872842271704,6.94620009249279,6.75161439114392,6.10856062651904
Colombia,COL,GDP growth (annual %),NY.GDP.MKTP.KD.ZG,2.92486148314592,1.67789830769955,2.50398046550686,3.91827190359832,5.33302206745236,4.82876110795085,6.71686869844402,6.73819469090975,3.28344618616541,1.13964864548062,4.49465897070922,6.94789198173555,3.91263576716115,5.13399351995669,4.49903000110974,2.95590137527523,2.08738250162794,1.35936086788746,2.5153244557176,3.32221278858155
Comoros,COM,GDP growth (annual %),NY.GDP.MKTP.KD.ZG,10.847878616072,2.33290710182874,2.3249448613998,2.1038716355305,1.91965980712281,2.83754786988332,2.6469554759412,0.800042348955387,3.9999719914434,3.2001131115091,3.79993345468068,4.09984695496956,3.2002729031888,4.49987421530828,2.10000643830286,1.11614058271805,3.3206800249451,3.81570211280726,3.43076413622954,2.71525946491546
"Congo, Dem. Rep.",COD,GDP growth (annual %),NY.GDP.MKTP.KD.ZG,-6.91092731652098,-2.10017302488849,2.94776518359771,5.57782231144421,6.73837393324294,6.13515115548975,5.32097956548998,6.25947776437401,6.22589426869192,2.85506401011484,7.10797657581392,6.8746708900163,7.08689894671942,8.48195663608757,9.47028809714084,6.91618781026789,2.39937909829004,3.72694765333267,5.82112109989339,4.38452888103882
"Congo, Rep.",COG,GDP growth (annual %),NY.GDP.MKTP.KD.ZG,7.57598039215685,3.80260190016178,4.58187006145742,0.813264074715363,3.47663162277505,7.75575897797003,6.23599701269603,-1.58222275043937,5.57223323509915,7.46894248407692,8.75160145933474,3.42066568060181,3.79997131252208,3.4407052491938,6.77991615766737,2.64648587686472,-2.80001878768313,-1.80100122457118,1.60000000009966,-0.89999999818528
Costa Rica,CRI,GDP growth (annual %),NY.GDP.MKTP.KD.ZG,3.83316666121128,3.49046952173897,3.29175316222172,4.25547683953901,4.33657481056198,3.87087332584213,7.2377327451858,8.16789615043734,4.64959823286546,-0.970548312824846,4.95186384401947,4.3071016599247,4.79691991858162,2.26902740046155,3.51533856391144,3.63173144154423,4.245989878198,3.86019845392708,2.6603752941224,2.08385993806746
Cote d'Ivoire,CIV,GDP growth (annual %),NY.GDP.MKTP.KD.ZG,-2.06840005722563,0.121371915505208,-1.66764213810366,-1.3595359429474,1.23177283994622,1.72124736749562,1.51584236326204,1.76503678407165,2.54284147638732,3.25145371844515,2.01763859212427,-4.38725478852275,10.7065041034855,8.88942130155425,8.79407739027734,8.84285994958891,7.17920782392478,7.35963718400244,6.79348796730912,6.85233458692178
Croatia,HRV,GDP growth (annual %),NY.GDP.MKTP.KD.ZG,3.2789036358935,3.34669870369608,5.11601334958038,5.64029004650651,4.16041210124092,4.31403687563694,5.00080914392574,5.26638753556922,1.75964210669018,-7.35941808880543,-1.49643076958475,-0.309789162342938,-2.23764754122368,-0.54854848857066,-0.103928497193934,2.4371709276448,3.48370307569121,3.13913464000225,2.69468922813843,2.93606563981361
Cuba,CUB,GDP growth (annual %),NY.GDP.MKTP.KD.ZG,5.9147601740486,3.18502990449461,1.42482126141282,3.79274022304334,5.77053807021559,11.2016564219094,12.0658631129953,7.26213696647943,4.11682804164681,1.4513054307407,2.39035229650723,2.80230083647626,3.01490028898772,2.74760256257211,1.04757663187654,4.43814195922121,0.513761467889907,1.80905439941586,2.24848039303581,..
Cyprus,CYP,GDP growth (annual %),NY.GDP.MKTP.KD.ZG,5.96530533779965,3.95254311293556,3.72296107739243,2.62327774290677,5.02630865496818,4.85299032410138,4.71381636337046,5.09805723302415,3.64680704220955,-2.01526267041886,2.01470653623484,0.401443113805456,-3.446811823115,-6.55307755845473,-1.86371685653697,3.37466850315001,6.74659936224045,4.36123796615959,4.05663229153157,3.23009031446846
Czech Republic,CZE,GDP growth (annual %),NY.GDP.MKTP.KD.ZG,4.26674135904462,2.90876488054445,1.65249405419866,3.60298946034922,4.90656376316664,6.53346880507935,6.85352233442428,5.6026436836669,2.68228272581928,-4.80257209234594,2.27342005374092,1.77783318558407,-0.799844280980295,-0.483671041809359,2.71511613330348,5.30923851823553,2.45054238635723,4.3526035198277,2.84605767659059,2.56593123327613
Denmark,DNK,GDP growth (annual %),NY.GDP.MKTP.KD.ZG,3.74686261409498,0.823153020719275,0.466345549014747,0.390058528624792,2.66821929069209,2.33664132484286,3.91300794127373,0.909238959176889,-0.512016734783217,-4.9065477294027,1.87099110975051,1.33677777779432,0.22649979701626,0.933340957051087,1.61939381663372,2.3425904296801,3.24595766559814,2.036165206055,2.39132968541817,2.36584645609345
Djibouti,DJI,GDP growth (annual %),NY.GDP.MKTP.KD.ZG,..,..,..,..,..,..,..,..,..,..,..,..,..,..,7.06154324233921,7.69608557567065,6.65265037178067,5.40309984307834,8.40766266610518,7.47031842181347
Dominica,DMA,GDP growth (annual %),NY.GDP.MKTP.KD.ZG,2.33950740701536,-0.0628022598172748,-2.82887853073447,6.35339159438826,3.05069469500575,0.656233109773297,4.65875948315227,6.35375942154477,7.12074190133816,-1.16975715418296,0.672795628982044,-0.223550688234681,-1.05900024335192,-0.999940631175406,4.44794736481393,-2.69110892388451,2.55649491313986,-6.79942797028076,2.26457023430542,5.66368018488018
Dominican Republic,DOM,GDP growth (annual %),NY.GDP.MKTP.KD.ZG,4.6617622800146,2.45951636772917,4.49510340292099,-1.34570618506442,2.57013427930197,9.4282369467968,9.1743554058408,7.41595171481455,3.20950426157955,0.946155167790636,8.33965105962218,3.13342300326755,2.71736789670562,4.87520509332271,7.05046368965911,6.9270187716221,6.65920026269582,4.66670467732366,6.98252758458058,5.08717603728121
Ecuador,ECU,GDP growth (annual %),NY.GDP.MKTP.KD.ZG,1.09180156435758,4.01562989958492,4.09677665885357,2.72287733695475,8.21102091734036,5.29130826699402,4.40352643383186,2.19006397224541,6.3571305999083,0.566491592100093,3.52529866894027,7.86814091910996,5.641962066712,4.94651126690626,3.78886854920833,0.0988726083462836,-1.22638398463877,2.36838652633651,1.28929193290499,0.0537188288209904
"Egypt, Arab Rep.",EGY,GDP growth (annual %),NY.GDP.MKTP.KD.ZG,6.37000383423161,3.53525196931787,2.39020402784614,3.19345473897896,4.0920716120453,4.47174446860463,6.84383819698924,7.08782742739524,7.15628356351688,4.67359980040543,5.14723485873294,1.76457194925801,2.22619979662136,2.18546605471231,2.91591187883584,4.37201907940117,4.34664345337816,4.18122100091018,5.31412103746398,5.55768388791593
El Salvador,SLV,GDP growth (annual %),NY.GDP.MKTP.KD.ZG,1.126057050299,0.877318892023496,1.58086226525917,1.56223108164895,0.890786051668485,2.7074677675286,4.34289537744942,1.86057914529194,2.57084668644079,-2.08612049167928,2.10428320345417,3.81705639614856,2.81550182179528,2.23375368188512,1.71122320586494,2.39502829799937,2.54653313501558,2.24994225188968,2.43096049921077,2.38236290798393
Equatorial Guinea,GNQ,GDP growth (annual %),NY.GDP.MKTP.KD.ZG,18.2137799569674,63.3798754250602,19.4628340359251,13.9552503163825,37.9987268556423,16.7487006053541,7.70491760658767,15.2821139194857,17.7991091333811,1.34335628806097,-8.92417588851806,6.52392362989873,8.31287184445641,-4.13319850131583,0.415066301596866,-9.11004114881537,-8.81641723219757,-5.66750295652729,-6.3563391129224,-5.57630845388924
Eritrea,ERI,GDP growth (annual %),NY.GDP.MKTP.KD.ZG,-3.14198577404412,8.75543519020847,3.00542921786406,-2.65551584151116,1.45173553426947,2.57444953025517,-0.969216929055989,1.42682206012475,-9.783030037381,3.87650156028197,2.1941905448334,8.67979993646819,..,..,..,..,..,..,..,..
Estonia,EST,GDP growth (annual %),NY.GDP.MKTP.KD.ZG,10.1065195264846,5.97960321491323,6.80239075176657,7.56669175016971,6.76745715257255,9.49029678314328,9.71875873944046,7.57358073854391,-5.08894202820881,-14.4338683909085,2.69033193790871,7.44393484388523,3.12484319156962,1.34618783576073,2.98732581885494,1.84488517975394,2.63156790553847,5.74880209154125,4.76115846853359,4.33448747297108
Eswatini,SWZ,GDP growth (annual %),NY.GDP.MKTP.KD.ZG,1.76017376022224,1.05476490606893,4.38009908790089,3.88021358597126,3.62391422596625,5.99877654987924,5.9921668378351,4.43537557686975,0.821663913800052,1.56504885243515,3.79375496828149,2.247229761068,5.39130930653025,3.86227188218196,0.9131964947738,2.31246561581284,1.26829668865996,2.02496284503104,2.35100982114349,2.01391840497347
Ethiopia,ETH,GDP growth (annual %),NY.GDP.MKTP.KD.ZG,6.07321747957957,8.30130632052328,1.51472570631101,-2.16135972205798,13.5726031368695,11.8187659466494,10.834727065877,11.4561670000236,10.7885216853725,8.80255319782563,12.5505383459308,11.1782962271642,8.64781163337416,10.5822700482672,10.2574929610051,10.3924630202334,9.43348265784402,9.56418964295607,6.81614779681703,8.28136104719879
Fiji,FJI,GDP growth (annual %),NY.GDP.MKTP.KD.ZG,-1.69999841605511,2.00000014675206,3.19999911373267,0.999999344757299,5.29999970460938,0.700000402432437,1.85248387199483,-0.850654310045812,1.03279422025967,-1.38603770763581,2.9546724221224,2.70514302901049,1.41131438177968,4.73421948956529,5.60351440618309,4.66380810435447,2.50978543561308,5.42574094989141,3.52620941683361,1.0632603443498
Finland,FIN,GDP growth (annual %),NY.GDP.MKTP.KD.ZG,5.77336574777361,2.60974745363791,1.70710185236148,2.00370154653567,3.99233776584094,2.77962108305788,4.02745076080441,5.2990053914739,0.784016814992313,-8.07461557534313,3.18591157167205,2.5475303372003,-1.3973545576375,-0.902018497439599,-0.364940281214288,0.54355926216509,2.71051640371833,3.10038358627367,1.63008149165087,0.979581810261166
France,FRA,GDP growth (annual %),NY.GDP.MKTP.KD.ZG,3.92366920384049,1.98372140247594,1.13553148770353,0.823160777839419,2.82975292855139,1.66322000049641,2.44932360050809,2.42473623791508,0.254945945817809,-2.87331385206255,1.94943763326869,2.1927006520261,0.313134741678468,0.576326679441848,0.956183047683851,1.1129123405747,1.09546439462306,2.29141998537759,1.79286395382047,1.5085940345287
Gabon,GAB,GDP growth (annual %),NY.GDP.MKTP.KD.ZG,-1.88296639760897,2.13523342197423,-0.249033168543434,2.2473300115045,0.689543058464849,2.67620333310926,-2.80657835569052,6.00810802487668,-3.30843064878752,0.130331119816617,7.08988731455126,7.09175334258654,5.25107691750407,5.63869900338693,4.31496444107471,3.8788993950789,2.09144220829562,0.479762270647498,0.835804969429503,3.39411015217392
"Gambia, The",GMB,GDP growth (annual %),NY.GDP.MKTP.KD.ZG,5.50000021632955,5.80000024323377,-3.25000014970206,6.86999962173842,7.05000000064635,-2.35172936176019,-0.555580977246521,3.04324950829739,6.25590553394287,6.6657243078367,5.90833580968291,-8.1304442231566,5.24156924630741,2.872768790327,-1.40738249510954,4.0580738039996,1.94335965478776,4.8226112492757,6.54702656494995,5.97520433213347
Georgia,GEO,GDP growth (annual %),NY.GDP.MKTP.KD.ZG,1.83834121557918,4.80545269340497,5.47383686593244,11.0587235073162,5.79449645708354,9.58957401309057,9.41977064517584,12.5789531524647,2.41857177344748,-3.65051370980649,6.24948768934068,7.40000000000003,6.3690083063386,3.62130535196276,4.43192482309078,3.02220738019703,2.90643878002064,4.84260322496586,4.86993477619603,5.13681326408893
Germany,DEU,GDP growth (annual %),NY.GDP.MKTP.KD.ZG,2.89518694712132,1.69773236086638,-0.198459062728844,-0.713533477235572,1.18991490034335,0.721853764966724,3.81458790454661,2.98407727316592,0.96226644174557,-5.69715162828702,4.1789690378929,3.92413341771297,0.41955108005358,0.428243261672193,2.22568874914928,1.73974982269824,2.22999996699747,2.46503002917808,1.52744629830981,0.564174893341843
Ghana,GHA,GDP growth (annual %),NY.GDP.MKTP.KD.ZG,3.70000003991548,4.00000009859845,4.49999957793013,5.20000007397465,5.59999998938596,5.90000391619382,6.3999125017602,4.34681916414684,9.14979897526671,4.84448699844826,7.8997118893531,14.0471236303192,9.29278940459677,7.31252500733126,2.89743883691538,2.1782067443939,3.44779299129728,8.14344654879852,6.26348073195742,6.47839480535899
Greece,GRC,GDP growth (annual %),NY.GDP.MKTP.KD.ZG,3.9197707576146,4.13161208119371,3.92287181307964,5.79453123883324,5.0609926100659,0.599142080317989,5.65243366900454,3.27374690375697,-0.335172576683306,-4.3007336610621,-5.47903710212778,-9.13249412984462,-7.30049396069786,-3.24142505601294,0.739777138557756,-0.43783393784453,-0.190952295750137,1.50509933940322,1.93437088314492,1.87086967360185
Greenland,GRL,GDP growth (annual %),NY.GDP.MKTP.KD.ZG,7.10159688181619,1.26903507902787,-0.971177310665553,4.43004572118211,6.90658283676629,4.98749177090194,5.55569490080011,2.3524379811805,6.1661327018619,0.865952328886948,1.73582505889665,-0.496519391959083,1.39419335955624,-1.29828069335511,4.7421356730152,-2.52931802394474,4.68195410972302,0.468546637744055,3.21802733064499,..
Grenada,GRD,GDP growth (annual %),NY.GDP.MKTP.KD.ZG,4.88795213650562,-2.02390004072058,3.43732352954147,9.46397343076488,-0.647450316084857,13.2730638678244,-3.99268010344103,6.12345094741464,0.947542624907726,-6.61328134799545,-0.511262754149129,0.764976824032317,-1.15514373468322,2.35141877347161,7.34407652185287,6.44314373327768,3.73561413158529,4.44274028787592,4.14115283820682,3.12631698382337
Guam,GUM,GDP growth (annual %),NY.GDP.MKTP.KD.ZG,..,..,..,0.920598388952826,6.43101482326112,3.53546175273193,-3.82864238410596,0.817731870023678,1.72892209178228,0.314729332773808,2.0916126333403,0.122925629993858,2.02578268876611,1.82511030886484,1.73330707110497,0.464666021297205,0.28907303912122,0.249807840122983,-0.268353459842814,..
Guatemala,GTM,GDP growth (annual %),NY.GDP.MKTP.KD.ZG,3.60886873487303,2.332574852741,3.86662599882182,2.53079156809007,3.15208172930646,3.26011208293953,5.3797768035313,6.30405368945885,3.28107984479193,0.526042966830786,2.86948775349354,4.16204893702586,2.9698574079878,3.69758610019476,4.44397807385226,4.09217057685802,2.67780255532826,3.02343068680067,3.21490624346517,3.84599785330366
Guinea,GIN,GDP growth (annual %),NY.GDP.MKTP.KD.ZG,2.50306056156042,3.65834647070446,5.16460946559741,1.24860126019659,2.34011731256672,2.99727256153359,1.18014044619936,6.82747442677194,4.13300950817847,-1.12264185764134,4.81336296141666,5.61210718997094,5.91528813844178,3.94568543051264,3.69654118231641,3.82592238557429,10.8183838150416,10.3381213968476,6.1811389373444,5.5769689028111
Guyana,GUY,GDP growth (annual %),NY.GDP.MKTP.KD.ZG,-1.36380390468858,2.279521662062,1.13262696386849,-0.63222540308962,1.56335211274509,-1.95095758251057,5.12960933907549,7.01964048236941,1.97664705355463,3.55215826365853,4.13856434968405,5.19605925781059,5.27642264277056,5.01772495184436,3.89824320567487,3.05486453959792,3.36321612361941,2.10000339147835,4.10000155013697,4.69589172228575
Haiti,HTI,GDP growth (annual %),NY.GDP.MKTP.KD.ZG,0.870059256805916,-1.04437447227257,-0.251464387832286,0.363800264963743,-3.5228882496112,1.80501131874233,2.24922143506983,3.34327866522241,0.843944573903983,3.08324786081525,-3.12239442952746,5.52374001507158,2.89224017227224,4.24763999352109,2.77630013692342,1.22432977752609,1.45271015217151,1.17328004003885,1.48387978817684,-0.934870010359219
Honduras,HND,GDP growth (annual %),NY.GDP.MKTP.KD.ZG,7.29128815869618,2.72319327321382,3.75433786119939,4.54703805165396,6.23230296069099,6.05059922215976,6.56724355177587,6.18832716678008,4.23160011009342,-2.43162787988014,3.73114034433009,3.83569066207508,4.12868774866939,2.79155975746801,3.0580805621437,3.84007997093951,3.89297219726413,4.84291391050387,3.69672956910365,2.65276116021215
"Hong Kong SAR, China",HKG,GDP growth (annual %),NY.GDP.MKTP.KD.ZG,7.66346261275292,0.560858778494804,1.65665357481389,3.05628534472791,8.70006536399657,7.38812786484245,7.03262264226861,6.46470795853966,2.12795590980892,-2.45908251876125,6.76767388348397,4.81467614434898,1.70027477144173,3.10154977999942,2.76239199769752,2.38781132673242,2.16947479147412,3.79100547995139,2.86156493383429,-1.1882723496098
Hungary,HUN,GDP growth (annual %),NY.GDP.MKTP.KD.ZG,4.47919168521658,4.0740933177557,4.74127886503648,4.08452680548714,4.822851425339,4.24362576820351,4.03101332134004,0.242177777126912,1.05829166884854,-6.69955472735322,0.664291824848817,1.81907995776281,-1.47178885108306,1.96298404862907,4.1950824094781,3.84555770632589,2.19999876125495,4.32280900057566,5.09400256449817,4.92779227450188
Iceland,ISL,GDP growth (annual %),NY.GDP.MKTP.KD.ZG,4.89159331235012,3.89881067416356,0.681170999844682,2.26813697523352,8.04220482331569,6.33000007002322,5.24882117937391,9.36531936586671,1.99198081944797,-6.77721508921015,-3.43587559955074,1.88162032529462,1.29643761256099,4.13385112476247,2.08262315960049,4.74898499063316,6.62703664217112,4.54598289368673,3.81442297649168,1.91867688206403
India,IND,GDP growth (annual %),NY.GDP.MKTP.KD.ZG,3.84099115681285,4.82396626390644,3.80397532137577,7.86038147553259,7.92293661286503,7.92343062149763,8.06073257303272,7.66081506504928,3.08669805953289,7.86188883303498,8.49758470158106,5.2413447428854,5.45635895072287,6.38610640094825,7.41022760508852,7.99625344413879,8.25630584417523,7.04382085538124,6.11958684138214,5.02387342771704
Indonesia,IDN,GDP growth (annual %),NY.GDP.MKTP.KD.ZG,4.9200677470169,3.64346644721493,4.49947539085764,4.78036912167654,5.03087394501685,5.69257130383384,5.50095178520348,6.34502222667214,6.01370360009123,4.62887118256154,6.22385418062366,6.16978420771008,6.03005065305612,5.55726368891013,5.006668425755,4.87632230022122,5.0330691828018,5.06978590134916,5.16970560898147,5.02471402216969
"Iran, Islamic Rep.",IRN,GDP growth (annual %),NY.GDP.MKTP.KD.ZG,5.85806659996007,0.778638733143524,7.26555113029075,8.7345844349185,4.37450927656846,3.18980408728883,4.99979526181062,8.15577352358649,0.250856553493108,1.00738545790536,5.79793830169417,2.64571791806476,-7.4445570297602,-0.194073471015827,4.60341887988824,-1.32064511973337,13.3962444619863,3.75518736694957,..,..
Iraq,IRQ,GDP growth (annual %),NY.GDP.MKTP.KD.ZG,1.40647473483672,2.30531667030583,-6.90018068933649,-33.1008373826406,54.1577742948649,4.40061740918797,10.1581991173217,1.37759814755975,8.22810710383277,3.37929909442774,6.40256484471192,7.546471200426,13.9364301737537,7.60000000000001,0.699999999994745,2.47766461711252,15.2124627340908,-2.49464293918186,-0.563615471655993,4.40091339515327
Ireland,IRL,GDP growth (annual %),NY.GDP.MKTP.KD.ZG,9.44575060214976,5.27843134099287,5.91981605076339,3.01996904777685,6.72135332088108,5.70008923676049,5.07090103688741,5.32426724046353,-4.48038333458845,-5.07921267285931,1.80997974398586,0.343440795398124,0.225714843002336,1.35163400394072,8.55668798513403,25.1625330527198,3.67781581095514,8.14529615601917,8.16987093310331,5.54976705317371
Israel,ISR,GDP growth (annual %),NY.GDP.MKTP.KD.ZG,7.45518207977373,0.118821461013411,-0.0148606388066952,0.970458595661455,4.18588231834032,3.91169333203911,5.56443510658072,5.77348255543507,2.99648306061574,0.924262605450494,5.60113767079041,4.7834974887954,2.25723754794416,4.14805455171508,3.75820019030697,2.2900921230342,3.98204637527108,3.53670318805928,3.45370251802824,3.51408454632801
Italy,ITA,GDP growth (annual %),NY.GDP.MKTP.KD.ZG,3.78695514323979,1.95137155605238,0.253942998968455,0.138626890776507,1.42359415817907,0.817848973650598,1.79063968081796,1.48707298036786,-0.962012840579291,-5.2809372082931,1.71329583916922,0.707333347034435,-2.98090576823772,-1.84106545088248,-0.00454754236383792,0.778304350716581,1.29346273155907,1.66785904106857,0.798119353036327,0.301256161257641
Jamaica,JAM,GDP growth (annual %),NY.GDP.MKTP.KD.ZG,0.87870354796236,1.34492956396697,1.99729094407155,3.66631759279021,1.32372509977827,0.893797935945003,2.89912534958872,1.43195403665118,-0.811736703280815,-4.33665018675087,-1.4660592992427,1.73037626746924,-0.613636039869149,0.501560583238899,0.691478108739616,0.922682140310954,1.37563872700204,1.0033653175016,1.94087814684517,0.700000000000017
Japan,JPN,GDP growth (annual %),NY.GDP.MKTP.KD.ZG,2.77963282527575,0.406335903186886,0.117992776763344,1.52822014815892,2.20468788231713,1.662670405184,1.42000655604446,1.65418388116969,-1.09354060040749,-5.41641279673664,4.19173925858955,-0.115421339717841,1.49508958594926,2.0002678411015,0.374719476331322,1.22292104108077,0.521944455410846,2.16829073735609,0.323207337907206,0.654151650312727
Jordan,JOR,GDP growth (annual %),NY.GDP.MKTP.KD.ZG,4.24524740036377,5.26861630690129,5.78448103037242,4.16104972466475,8.56729829225212,8.14658294199839,8.09333142984268,8.17571910307844,7.23240841286344,5.47658085610507,2.31139241481932,2.58678441599322,2.65117074802974,2.8287666404585,3.09633034711061,2.3916959593262,2.00373362488959,2.1157328887228,1.94029220505026,2
Kazakhstan,KAZ,GDP growth (annual %),NY.GDP.MKTP.KD.ZG,9.80000000214159,13.4999999984358,9.79999999960842,9.30000000033759,9.60000000136854,9.69999999922682,10.7,8.89999999999405,3.30000000021091,1.19999999942873,7.30000000016202,7.40000000068395,4.79999999999272,5.99999999925562,4.20000000063038,1.19999999976802,1.09999999990164,4.10000000033857,4.09999999987123,4.50000000008481
Kenya,KEN,GDP growth (annual %),NY.GDP.MKTP.KD.ZG,0.599695391613636,3.77990649628987,0.546859529994521,2.93247554619273,5.10429977568934,5.90666608168013,6.47249429862482,6.85072977063138,0.232282745665941,3.30693981534758,8.40569922421719,6.1082637197965,4.5632091307112,5.87868056675418,5.35712564449969,5.71850713263132,5.87894929918309,4.80569652382397,6.31845070162866,5.36574896547464
Kiribati,KIR,GDP growth (annual %),NY.GDP.MKTP.KD.ZG,6.25,-1.47058823529413,3.78746268656718,2.00632463588045,-1.62936020385506,4.95163162646719,-0.0492953226795549,2.03494726487787,-2.09143675813912,0.802751509432682,-0.923884656867074,1.59456110202041,4.71331913631832,4.21477391203615,-0.697828087271759,10.4054079265676,5.13538328085485,0.891508170372333,2.31315781089032,2.24736596252662
Kuwait,KWT,GDP growth (annual %),NY.GDP.MKTP.KD.ZG,4.69458187079211,0.213332576499354,3.01428315192251,17.3260204175143,10.2402980586354,10.6090449840228,7.51477300024021,5.99157551059315,2.47975694278544,-7.07605643073413,-2.37026412020437,9.62840697477567,6.62581830014175,1.14930043706521,0.500876982158658,0.593019617221231,2.92586822591576,-4.71210620851997,1.24627381406719,0.412348552959656
Kyrgyz Republic,KGZ,GDP growth (annual %),NY.GDP.MKTP.KD.ZG,5.44333661578879,5.32162141072486,-0.0173246186891447,7.03029321968435,7.02681241326046,-0.175515390983136,3.10289873457876,8.54287474264086,8.40161609384786,2.88629456907456,-0.471566605987604,5.95627430862646,-0.0881502127179488,10.9154694813983,4.02403862932974,3.87582544285665,4.33585588866971,4.73993725374304,3.75791011727753,4.50713892307806
Lao PDR,LAO,GDP growth (annual %),NY.GDP.MKTP.KD.ZG,5.79878232615873,5.75141288219024,5.91874368177427,6.06700230375846,6.35769548012802,7.10756836906148,8.61926620873047,7.59682880050462,7.82490276260828,7.50177491260473,8.52690551722873,8.03865268080929,8.02609843404085,8.02630022637751,7.61196344074382,7.27006584339864,7.02283625501138,6.8925308726989,6.24796000755872,4.65188711866027
Latvia,LVA,GDP growth (annual %),NY.GDP.MKTP.KD.ZG,5.59519819700228,6.31906192198825,7.11596707207414,8.43638384632277,8.34135916023317,10.7433819978121,11.8880966890021,10.010851453342,-3.34636707932168,-14.2381467273088,-4.47344119778778,6.28511861493423,4.13423164998356,2.32800426344402,1.91519037794332,3.26052438137853,1.77380957693411,3.78731375779996,4.28482516344695,2.19744176834507
Lebanon,LBN,GDP growth (annual %),NY.GDP.MKTP.KD.ZG,1.34187161939805,3.83966927824919,3.42314982724474,3.2270982685183,6.67944461671979,2.68577930991498,1.54951500208311,9.31062252462903,9.0691282693161,10.2321555771179,7.97513555920943,0.867339877167865,2.54054249176635,3.81102328373967,2.46136118805316,0.211611959138764,1.52952010698107,0.850699558756901,-1.92640477077212,-5.6371706405001
Lesotho,LSO,GDP growth (annual %),NY.GDP.MKTP.KD.ZG,3.8755468142558,3.5615821908515,0.72383596148731,4.55977681130346,1.69237420642219,3.46612248144243,4.23009485409366,4.83296373442199,6.73953359928008,2.15430834113515,0.824824732462062,5.35515492144876,6.74362694085697,4.1869122037747,2.88396884428164,2.6501442474809,5.04708318975977,-1.32168515344736,-0.452672856407716,1.51600143941178
Liberia,LBR,GDP growth (annual %),NY.GDP.MKTP.KD.ZG,..,2.92027296876944,3.76301828164682,-30.1451325892167,2.61984768599231,5.28121207141162,8.04390624754487,9.53527986916075,7.14568899817137,5.30053937704309,6.09982760205581,8.2007658404608,7.99381569313657,8.70402806598014,0.701143911750762,0,-1.59958407502003,2.46862609505123,1.22255131299607,-2.27824512534819
Libya,LBY,GDP growth (annual %),NY.GDP.MKTP.KD.ZG,3.67921329264158,-1.76287816843826,-0.958849380743104,13.0160010757026,4.46162998215347,11.870728929385,6.50054722695923,6.35231699447934,2.66735578975754,-0.790141831553143,5.02128973900766,-62.0759195849001,123.139555198582,-13.5999999741829,-24.000000034478,-8.8620393625491,-2.79546888990185,26.6809026327981,15.1327998906633,2.53595347758677
Liechtenstein,LIE,GDP growth (annual %),NY.GDP.MKTP.KD.ZG,3.22019308239609,-0.733092455297992,-0.993919947159299,-1.93756534125015,3.03917210306504,4.82807677743521,8.64496857267281,3.325963509369,1.79808847836411,-1.15748291975636,..,..,..,..,..,..,..,..,..,..
Lithuania,LTU,GDP growth (annual %),NY.GDP.MKTP.KD.ZG,3.83166729800301,6.52443068616948,6.76074951965822,10.5385649542543,6.55008306073013,7.72740790166723,7.40644421277685,11.086954275977,2.62807796119264,-14.8141631583267,1.48223244137165,6.02563809108096,3.8333027642867,3.55842463134766,3.50797121712733,2.03314807367339,2.55593956708222,4.24757675412258,3.64475653175535,3.93040797628885
Luxembourg,LUX,GDP growth (annual %),NY.GDP.MKTP.KD.ZG,8.23979914359427,2.53197513706755,3.81946965759437,1.6292869549314,3.61217676997076,3.17244278079178,5.17848586333136,8.35455327716321,-1.27958558128132,-4.35860695207019,4.8649684924216,2.53923488261137,-0.352519229052419,3.65437025918655,4.29678634989637,4.30643253786916,4.57460028278058,1.80118170327937,3.11083626560442,2.29697916603786
Madagascar,MDG,GDP growth (annual %),NY.GDP.MKTP.KD.ZG,4.45685893778607,5.98023576424708,-12.4079711022759,9.78489212136442,5.2570036214801,4.75584509662626,5.39850845004473,5.71056419690301,6.71263895030565,-3.97870864608964,0.619229745623898,1.57842942055571,3.01114640755307,2.30038693447709,3.33920224407332,3.13229588799277,3.99314608499888,3.93331617112426,4.56478275948496,4.79999999990962
Malawi,MWI,GDP growth (annual %),NY.GDP.MKTP.KD.ZG,1.5760778373467,-4.97496384649443,1.70000001363076,5.70563943747162,5.42049769366055,3.2687258275753,4.69999999202611,9.60000000260818,7.63973677410392,8.32811027624575,6.87406563500952,4.85405510898322,1.88579950731867,5.19999999835549,5.70000000377209,2.79999999900333,2.48404062641868,4.00003051653042,3.17000322241334,4.36923898629438
Malaysia,MYS,GDP growth (annual %),NY.GDP.MKTP.KD.ZG,8.85886816969386,0.517675319192861,5.39098830692797,5.78849928588747,6.78343772370307,5.33213916141486,5.5848470671515,6.29878592740947,4.83176988913098,-1.51352871598715,7.42484738326097,5.29391283414003,5.47345419253853,4.69372252557893,6.00672194558203,5.09151572393023,4.44975576515729,5.74182957621825,4.74160645035721,4.3302184155654
Maldives,MDV,GDP growth (annual %),NY.GDP.MKTP.KD.ZG,3.84581039203469,-3.94363435410109,7.26838631331684,13.7500498204898,6.03375404861781,-13.1290534305083,26.1114935010553,7.71386727084702,9.48533266057873,-7.22884146529458,7.26512906840138,8.56673353050461,2.51738394219683,7.28107397899866,7.32962620344684,2.88454852960507,6.33830063626779,6.80366602180543,6.8888171958136,5.21599925714978
Mali,MLI,GDP growth (annual %),NY.GDP.MKTP.KD.ZG,-0.0608349718131365,15.3762394579174,3.10630825205686,9.11904199532427,1.55999866053492,6.53477877481288,4.66218687758322,3.49361681253741,4.77314508142976,4.80632226697864,5.31393527895875,3.21313378044307,-0.836627497073124,2.3037669581925,7.101422348075,6.16747921907648,5.76406494460069,5.41853337183656,4.65058662382832,5.04000000192866
Malta,MLT,GDP growth (annual %),NY.GDP.MKTP.KD.ZG,6.77019391099778,0.608353735440303,2.98281837622594,2.54376857255379,0.443412530768299,3.78365225854667,1.82871688381287,3.98644870571982,3.34651273129842,-2.46227772166621,3.54268321383185,1.35903219940904,2.7941687217874,4.8388557927649,8.79063424175098,10.8576421321726,5.83007567306184,6.47119280850706,7.3142238281863,4.38409628323227
Marshall Islands,MHL,GDP growth (annual %),NY.GDP.MKTP.KD.ZG,1.35407756385793,6.82607106525168,3.74146538600613,-1.61586717834233,0.949277964044981,2.28478910954743,0.668159410252869,2.76911867307766,-6.75309459471511,1.443806379073,7.55539030565797,-0.756143460169895,-2.37033904807748,3.71762787420826,-0.939965316904377,1.59128844558938,1.30666588659997,4.05664458426934,3.6247527596621,..
Mauritania,MRT,GDP growth (annual %),NY.GDP.MKTP.KD.ZG,-3.91802587923291,-0.799493815789361,1.38148396199058,6.92826955106302,4.7327579245203,8.56628724906668,18.3331987597713,-1.96942275160761,-0.331079195278377,0.0978758719728319,2.62022952055376,4.1727832830442,4.47001318233691,4.15081318627171,4.27482327130284,5.37633923694933,1.26090922448306,3.49717500591493,2.11526763746781,5.93051088463308
Mauritius,MUS,GDP growth (annual %),NY.GDP.MKTP.KD.ZG,8.20279178349512,3.34754071072776,1.61491864461934,5.92544548864666,4.33001987203438,1.77754303693473,4.86554459107144,5.72701614247435,5.38696257005078,3.3150769885354,4.37720323945265,4.07753807362209,3.49611833757979,3.36040610303085,3.74457577257851,3.5530717300396,3.83793262870844,3.81415211496423,3.75991807991545,3.55078438012413
Mexico,MEX,GDP growth (annual %),NY.GDP.MKTP.KD.ZG,4.94245371467422,-0.404390126692846,-0.0398444814685348,1.44638268370363,3.92059081028791,2.30780706591736,4.49507789421408,2.29144571429802,1.14358458719398,-5.28574413681748,5.11811814321162,3.66300792950094,3.64232267941347,1.35409196151679,2.80434012838097,3.28799159933094,2.91054645929347,2.11808234691182,2.13595812119722,-0.145602324756538
"Micronesia, Fed. Sts.",FSM,GDP growth (annual %),NY.GDP.MKTP.KD.ZG,4.83390378617111,2.16760244050491,0.546997672499344,1.57211506743108,-3.08015304747474,2.04186716395544,-0.0810552934164832,-1.83618529402398,-2.40849258666222,1.09309924105246,2.25938995585932,3.18857475473928,-1.86681975475544,-3.67976779073483,-2.30577574529325,4.62188400404939,0.900180416516932,2.68218594445551,0.211653600126766,..
Moldova,MDA,GDP growth (annual %),NY.GDP.MKTP.KD.ZG,2.1077160475443,6.1000004128626,7.79999964149971,6.6000000377682,7.39999968991071,7.50000013866912,4.79999985009478,3.00000023969456,7.80000014465949,-6.00000028938906,7.10000008379275,5.81816640453508,-0.589734134738677,9.04386552833462,4.99962558416271,-0.338235296100407,4.40888674328883,4.69079342838687,4.30147792757501,3.45627812183513
Monaco,MCO,GDP growth (annual %),NY.GDP.MKTP.KD.ZG,3.91022922578345,2.18773253580883,1.02649507922119,1.08753659638623,2.4704844477783,1.89541528131781,5.80393653563056,14.4288990234727,0.666834793181863,-11.3000006173509,2.09999989913061,7,1.000000923315,9.59999846418893,7.20000071732574,4.89999916940167,3.50000139074969,-3.40000080981497,6.10000047479944,..
Mongolia,MNG,GDP growth (annual %),NY.GDP.MKTP.KD.ZG,1.14606213683845,2.9527105437067,4.73297846536269,7.00463457450873,10.6254059599173,7.25366544049683,8.55623480942715,10.2480163590433,8.90036794639215,-1.26859894051877,6.36516168485748,17.290777583689,12.3198198484838,11.6489161898863,7.8852254815194,2.37983580688481,1.1683934561722,5.33703793307947,7.24662963624736,5.09916789591993
Montenegro,MNE,GDP growth (annual %),NY.GDP.MKTP.KD.ZG,3.10000018370371,1.09984271867472,1.90393392048746,2.48265936070939,4.42605295805207,4.18060152722231,8.56641950822812,6.81015049116694,7.22275027443831,-5.7950937895137,2.734339250058,3.22845102061058,-2.72379678759444,3.54898055211459,1.78371268120168,3.39035987509256,2.94928570490418,4.71646436761608,5.07788739526558,3.62080834117864
Morocco,MAR,GDP growth (annual %),NY.GDP.MKTP.KD.ZG,1.91287298063767,7.3199674542072,3.12144965600538,5.96116215478284,4.79701836216324,3.29163968433596,7.57463164458541,3.53159415154489,5.92327768597593,4.24375732083367,3.8157179167666,5.24569729729485,3.00996126221978,4.53542420003856,2.66949392694423,4.53637816806425,1.05985639008179,4.23485005408639,2.99021416952922,2.3
Mozambique,MOZ,GDP growth (annual %),NY.GDP.MKTP.KD.ZG,1.1885205754578,12.0896767055365,9.29047845666686,6.92645006118866,7.92975086035226,6.63786881204369,9.70210677338765,7.73158234064772,7.28913231637716,6.31379491047508,6.48814964562332,7.40367267815563,7.25843925258778,6.9636071348707,7.39851279713864,6.72327878035819,3.82421431921188,3.74131759312564,3.42817366081721,2.2238776554458
Myanmar,MMR,GDP growth (annual %),NY.GDP.MKTP.KD.ZG,13.7459305559899,11.34399706985,12.025513433977,13.8439968901382,13.5646616162944,13.56895002161,13.0761013795808,11.99143524005,10.2553053930156,10.5500090961783,9.63443945214478,5.59148237819601,7.33267044715468,8.42600102485174,7.99091559728882,6.99284029025135,5.75006450029507,6.404977325147,6.7504601462238,2.88796073310718
Namibia,NAM,GDP growth (annual %),NY.GDP.MKTP.KD.ZG,3.49218342924833,1.17794863881615,4.78866127580193,4.23979437265922,12.2695479955614,2.52926272750096,7.07317522833921,5.37404422155545,2.6498119669143,0.295970899569213,6.03924954600474,5.09133819752367,5.0616820132676,5.61471970064093,5.75778884704977,4.52677000113735,-0.280707988212924,-0.256275905911707,0.698374106573212,-1.13409795187005
Nauru,NRU,GDP growth (annual %),NY.GDP.MKTP.KD.ZG,..,..,..,..,..,0,6.06060606060606,-22.8571428571428,22.2222222222222,9.09090909090908,11.1111111111111,10,11.3636363636364,30.6122448979592,26.5625,3.7037037037037,3.57142857142858,-5.74712643678161,6.09756097560977,0
Nepal,NPL,GDP growth (annual %),NY.GDP.MKTP.KD.ZG,6.19999998759771,4.79989214880159,0.120143175249694,3.94503776730633,4.68260324535134,3.47918104631147,3.36461478807166,3.41156027569262,6.1046391423169,4.53307872039284,4.81641465022444,3.42182824087472,4.78119225754814,4.12887767631092,5.98898466088025,3.32290543937557,0.588678498822517,8.22349948315457,6.70099545943441,6.99121243755611
Netherlands,NLD,GDP growth (annual %),NY.GDP.MKTP.KD.ZG,4.19564248218455,2.32695510581596,0.217273561401441,0.155646066071881,1.98494569579117,2.05087607391015,3.46098900132874,3.77284251780152,2.17032478968935,-3.666884024935,1.34273944410323,1.5511892518082,-1.03035400660274,-0.130175228639018,1.42339540987437,1.95916969092505,2.19171371926123,2.91090258405885,2.59745361827454,1.81050308239988
New Caledonia,NCL,GDP growth (annual %),NY.GDP.MKTP.KD.ZG,2.10010884233,..,..,..,..,..,..,..,..,..,..,..,..,..,..,..,..,..,..,..
New Zealand,NZL,GDP growth (annual %),NY.GDP.MKTP.KD.ZG,2.90506866883852,3.46418351563915,4.67440871021338,4.54988880519016,4.02791140021684,3.32040825727562,2.84649727014418,3.070228326582,-1.03005730548442,-0.145965905312011,1.55598564581376,2.35878459529334,2.23956348454135,2.62880058967829,3.62559576720759,3.61896781875906,3.67759513368226,3.16309750171506,3.76225642665298,2.17097838905372
Nicaragua,NIC,GDP growth (annual %),NY.GDP.MKTP.KD.ZG,4.10159015455254,2.96084355390202,0.753938894632839,2.52073289866213,5.31217052686139,4.28239831207789,4.15232318720923,5.07581749945302,3.43637382878192,-3.29278961915747,4.40884490985366,6.31752482459839,6.49674729903211,4.92679226883017,4.78581617044347,4.79144081994679,4.5635422115899,4.63138368138509,-3.95091708124258,-3.87850990043628
Niger,NER,GDP growth (annual %),NY.GDP.MKTP.KD.ZG,-1.0541410755776,7.12348651488077,4.75344106709481,2.48698314309755,0.355468359919399,7.13278252750477,5.82725049723314,3.10281341798961,7.77435480904532,1.85829134003374,8.42619326831647,2.3647531323401,10.5999073974466,5.56572959605401,6.56442622650846,4.36778271536467,5.68855260655263,4.99792885663946,7.00456195056974,5.828590083927
Nigeria,NGA,GDP growth (annual %),NY.GDP.MKTP.KD.ZG,5.01593475720539,5.91768465163287,15.3291557381864,7.34719497034287,9.25055822849697,6.43851652509102,6.05942803125549,6.59113036073539,6.76447277784797,8.03692510189684,8.00565591528179,5.30792420366642,4.23006117510556,6.67133539288376,6.30971865572383,2.65269329541835,-1.61686894991816,0.805886619542704,1.92275734157302,2.2084292771582
North Macedonia,MKD,GDP growth (annual %),NY.GDP.MKTP.KD.ZG,4.54913578288874,-3.06725662451662,1.49366547202928,2.22260165732409,4.67408957960916,4.72408864201974,5.13702516153505,6.47348685752347,5.47200139015598,-0.358614856979685,3.35875085773812,2.33988604520331,-0.456183223607951,2.92525766450484,3.62912351276373,3.85586514041738,2.84820519363306,1.08177273813243,2.72014690475054,3.55058387280909
Northern Mariana Islands,MNP,GDP growth (annual %),NY.GDP.MKTP.KD.ZG,..,..,..,0.408441116405726,-3.11864406779661,-12.666200139958,-6.89102564102564,-6.71256454388984,-11.070110701107,-17.5311203319502,1.38364779874213,-7.69230769230769,0.537634408602145,2.40641711229948,3.78590078328982,3.52201257861636,28.3110571081409,25.5681818181818,-19.6078431372549,..
Norway,NOR,GDP growth (annual %),NY.GDP.MKTP.KD.ZG,3.20497922225218,2.07479039388386,1.44625413960414,0.910105664307537,3.96941456013641,2.62545762627546,2.39979082117745,2.99425185125679,0.476379999491613,-1.72702030948713,0.701833823862358,0.981469497299358,2.70307385484266,1.03407291353631,1.9695443007939,1.96712843821408,1.07155897720727,2.3232584068849,1.28954820126177,1.15472193916453
Oman,OMN,GDP growth (annual %),NY.GDP.MKTP.KD.ZG,5.40137271684387,4.48245409608852,-1.10056525031256,-2.66896944662061,1.29211256440746,2.49045835992148,5.3720682991583,4.45269430369515,8.19969581343223,6.11245376078915,4.80331686366742,-1.10698696541111,9.3317368265984,4.37345329105683,2.75220025960441,4.67768559423595,4.9593715005489,0.346379722687345,1.76338759141308,0.499999999999986
Pakistan,PAK,GDP growth (annual %),NY.GDP.MKTP.KD.ZG,4.26008801156806,3.55441821600166,2.50833772413712,5.77703399201583,7.54686001537084,6.51877807388874,5.89898444129835,4.83281727717085,1.7014054654513,2.83165851919991,1.60668862905307,2.7484059174005,3.50703342009689,4.39645663349772,4.67470798143725,4.73114747532901,5.52673584474448,5.55427743729406,5.83641749754401,0.98882943984708
Palau,PLW,GDP growth (annual %),NY.GDP.MKTP.KD.ZG,..,6.40645979112342,3.45620804411266,-2.83607887689686,4.97468996142318,4.0581486981424,-1.49496568223056,1.34297600844479,-5.58478485225046,-6.25871271101643,0.288984327608446,4.86561625142319,1.84131362068511,-1.41418882998062,4.37341342932834,10.0751275747566,0.796679888193026,-3.51792471457112,1.70551858341909,..
Panama,PAN,GDP growth (annual %),NY.GDP.MKTP.KD.ZG,2.71537415482821,0.574272790634538,2.2291494166373,4.20549594481572,7.52207965784619,7.19127940233535,8.65246561056669,11.9839853947871,9.85565485158463,1.24299231776416,5.82783939246903,11.3137317481848,9.77890394560946,6.90327256581698,5.06674321802782,5.7327636321358,4.95349994364463,5.59900676302185,3.69210086368122,3.00638929488115
Papua New Guinea,PNG,GDP growth (annual %),NY.GDP.MKTP.KD.ZG,-2.49484199260023,-0.121288605564772,-0.158900533082658,2.16410250222083,2.72117574098235,6.34479592309654,5.4099440910731,7.81518922862385,-0.296457845880553,6.80042148322096,10.1284540720232,1.10754362619616,4.65711959686239,3.82494632800676,13.5437706216546,9.48354844060211,4.07777365190216,3.53752772339615,-0.754492526884178,5.62379797684798
Paraguay,PRY,GDP growth (annual %),NY.GDP.MKTP.KD.ZG,-2.31414056819048,-0.834054716746095,-0.0214043949985694,4.32074548551591,4.05741836363771,2.13349066459601,4.80711719268376,5.42162287218237,6.35912079325512,-0.257971433685171,11.1437357938518,4.24911104462905,-0.538512942503061,8.41749528470305,4.86089037055322,3.08037400793089,4.31290497002365,4.95805142159847,3.35195802391546,-0.029914393294078
Peru,PER,GDP growth (annual %),NY.GDP.MKTP.KD.ZG,2.69437139806912,0.617892325624297,5.45352893818767,4.16502313666112,4.95820320611745,6.28506032509601,7.5288990440594,8.5183877690955,9.1265683014642,1.0958236592427,8.33245910749577,6.32719240161117,6.13972470560435,5.85251821084928,2.38215737180541,3.25224477218451,3.95331871520767,2.51883544233135,3.97693571755005,2.1501313906839
Philippines,PHL,GDP growth (annual %),NY.GDP.MKTP.KD.ZG,4.41122216004747,3.04923134410974,3.71625500183485,5.0869111341207,6.56922851280078,4.94250511783582,5.31641682217439,6.51929155037081,4.34448730488354,1.44832306282932,7.33449996041739,3.85823282747839,6.89695171057478,6.75053130177827,6.34798748250283,6.3483097167198,7.1494567495987,6.93098832586378,6.3414855714876,6.04057525673343
Poland,POL,GDP growth (annual %),NY.GDP.MKTP.KD.ZG,4.55954936021523,1.24796792188687,2.04162373954937,3.5624666652234,5.13565081223253,3.49322521636648,6.17933520622964,7.03522671476404,4.24978830587841,2.82012481637605,3.60752243410988,5.017235199938,1.60790664456468,1.39189232124922,3.31844753700079,3.83907133877577,3.06390811613761,4.93766324502775,5.34902511508139,4.1470237556496
Portugal,PRT,GDP growth (annual %),NY.GDP.MKTP.KD.ZG,3.81617784569175,1.94367248245287,0.770924141180245,-0.930520582487461,1.78873517122238,0.781848107767829,1.62503385374551,2.50657998891496,0.319248559389692,-3.12208009731232,1.73762581004311,-1.69616574359263,-4.05729435942355,-0.922643787257869,0.792190538376488,1.79204685274996,2.01948623027654,3.506343238044,2.63724552331206,2.16440359317662
Puerto Rico,PRI,GDP growth (annual %),NY.GDP.MKTP.KD.ZG,3.2719645286232,6.3134715546886,0.916459383541564,0.0534198046896961,8.74867692653547,-1.98693873332242,-1.40941402442895,-1.16280669029354,-1.8441342497794,-1.9524251417231,-0.413254118484915,-0.358510628287519,0.0292751104899338,-0.306826657099961,-1.19036345385329,-1.04944365110551,-1.26300292505279,-2.88595475858821,-4.65959595959596,1.18766355536251
Qatar,QAT,GDP growth (annual %),NY.GDP.MKTP.KD.ZG,..,3.89818661682774,7.18215174069915,3.71995863626604,19.2189153238703,7.49275850628118,26.1702456754352,17.9856567913966,17.6635563797622,11.9565611406968,19.592331533546,13.3751764061915,4.68725917732711,4.41027461916184,3.97888214728583,3.65751026057268,2.13131091589808,1.57985025330348,1.49333999292831,-0.183327100617944
Romania,ROU,GDP growth (annual %),NY.GDP.MKTP.KD.ZG,2.4612634592269,5.21813625673708,5.70299165043768,2.34114732919521,10.4281130180977,4.66814805084867,8.02881107599163,7.23380774362805,9.30746717077338,-5.51739440805439,-3.9012362801862,2.00715624364216,2.07716500653777,3.51455180408476,3.41080910017932,3.8715223230984,4.80079990634931,7.11144063254122,4.43685600742452,4.07954831035234
Russian Federation,RUS,GDP growth (annual %),NY.GDP.MKTP.KD.ZG,10.0000668157438,5.10005122514625,4.69999190886614,7.29995234455738,7.19994786981049,6.39996544796642,8.20006825495364,8.4999777684714,5.19996926508013,-7.79999391345689,4.5000000000145,4.30002918578833,4.02408615717977,1.7554221491628,0.736267221403764,-1.9727192264298,0.193690071774782,1.82579006356434,2.53633130144783,1.3418754406612
Rwanda,RWA,GDP growth (annual %),NY.GDP.MKTP.KD.ZG,8.37086428890423,8.48455484558421,13.1921040358212,2.20237042278437,7.44768712170992,9.37790231708068,9.22705305225951,7.6333071708725,11.1612574287234,6.2482420456988,7.33465895562178,7.95836092713549,8.64153886517131,4.71985549966185,6.16427720275618,8.86830954223221,5.98176525842578,3.98678675464326,8.56965098799958,9.40693494771058
Samoa,WSM,GDP growth (annual %),NY.GDP.MKTP.KD.ZG,6.9187944544926,6.93976179338149,4.34399610828436,4.51548245457649,4.62500076151254,4.15648954293258,1.9688083409221,6.32264480426382,1.00908775501168,-4.80827384854983,0.479158677725053,4.17339345796324,-4.08872376985958,-0.418844399260678,0.0782453349529249,4.27218852848748,8.05416043810408,1.01555952021887,-2.16809567802638,3.4728781472578
San Marino,SMR,GDP growth (annual %),NY.GDP.MKTP.KD.ZG,2.17937971500419,5.57834290401968,0.310800310800303,3.87296669248644,4.5488441461596,2.42510699001426,3.83008356545962,7.10932260228034,-0.500939261114581,-10.3209565764632,-5.47368421052632,-8.3147735708983,-7.04453441295546,-0.78397212543554,-0.702370500438988,2.47568523430593,2.41587575496118,0.589721988205554,1.17252931323284,..
Sao Tome and Principe,STP,GDP growth (annual %),NY.GDP.MKTP.KD.ZG,..,..,2.37687824023116,6.5734769221182,3.83222390239035,7.09377374745148,9.11564210513501,3.25360514879873,8.18617405559903,2.4262823610057,6.67198365652814,4.39820201461629,3.14197645952099,4.81479265412412,6.54993495501441,3.79839841822348,4.17237622323567,3.87118593653868,2.65769542985043,2.39999944574471
Saudi Arabia,SAU,GDP growth (annual %),NY.GDP.MKTP.KD.ZG,5.62541614258343,-1.21074386284246,-2.8191744042884,11.24206138556,7.9584416636786,5.57385012142883,2.78840222774237,1.84713025161132,6.24977275479299,-2.05926819384065,5.03949367491363,9.996857793684,5.41144490216436,2.69925472255672,3.65248169757899,4.10640887013658,1.67062475765871,-0.741502652864284,2.43411078064224,0.331435726946069
Senegal,SEN,GDP growth (annual %),NY.GDP.MKTP.KD.ZG,3.19898803557803,4.58091644177911,0.654803647565046,6.68322817784941,5.87077221306964,5.62260685646076,2.4615702538924,4.93848508271564,4.05637572690981,2.09252708385235,3.56274538992136,1.45838867138957,5.11739423674786,2.82210564972358,6.61350010337397,6.36704365066983,6.35606857181878,7.4074861863013,6.37955658364902,5.27119235758356
Serbia,SRB,GDP growth (annual %),NY.GDP.MKTP.KD.ZG,6.13181323913766,6.87877506792525,6.38040153942458,4.38775537276999,9.02820212219169,5.53034661428416,5.10778788331064,6.43953092929175,5.65557450050922,-2.73175365061421,0.73104644308539,2.03627572593629,-0.68154213304129,2.89263416214173,-1.58950618376664,1.77632097282286,3.34032906859376,2.04930767483886,4.39224003219331,4.18709870016374
Seychelles,SYC,GDP growth (annual %),NY.GDP.MKTP.KD.ZG,1.51433881472376,-2.27116276151243,1.21283126716006,-5.88712752754415,-2.85045365900451,9.00576142828393,9.40612787953086,10.4214361107185,-2.14689265536721,-1.1052457934675,5.95496246872393,7.88727959697732,1.26082883408726,6.01807682463131,4.5047848663951,4.93738645869301,4.56262243559134,4.37599580128382,3.75354193886383,4.70811443122183
Sierra Leone,SLE,GDP growth (annual %),NY.GDP.MKTP.KD.ZG,6.65272788470479,-6.3454551533225,26.4173166001369,9.31312096898087,6.59794486028231,4.50509567160195,4.22391427915385,8.05814515228806,5.39828520960737,3.18805121556103,5.34646605237529,6.31504503637647,15.1817690830225,20.7157682858728,4.55677236615293,-20.5987707154032,6.05547402877262,4.21118264884808,3.44616262140143,5.51346016799847
Singapore,SGP,GDP growth (annual %),NY.GDP.MKTP.KD.ZG,9.03914675133963,-1.06901588508104,3.91460974541297,4.53577965386324,9.81959167704964,7.35903367713453,9.0051437297946,9.0221330140233,1.86824553416074,0.12098274173087,14.5256389940627,6.33787081384081,4.46160895101333,4.83729864576097,3.93800272866056,2.98852067557714,3.24347416813697,4.33660491918172,3.43811104161446,0.733309934559728
Sint Maarten (Dutch part),SXM,GDP growth (annual %),NY.GDP.MKTP.KD.ZG,..,..,..,..,..,..,..,..,..,..,3.19999402154461,4.60000299641928,1.39054666984961,1.30672788274767,1.5803846377317,0.509065949779796,0.432506259959027,-8.42588395285586,..,..
Slovak Republic,SVK,GDP growth (annual %),NY.GDP.MKTP.KD.ZG,1.16652715796093,3.2537868430469,4.50944153271871,5.49908387750746,5.27888034834336,6.62346160878337,8.49317694925051,10.8320279014178,5.57488636038981,-5.45553223748067,5.7208447993039,2.86444294782228,1.89581081230277,0.670844582231595,2.75243433140047,4.82191850602997,2.12331903486587,3.04633595271329,3.89674446569366,2.3985688583486
Slovenia,SVN,GDP growth (annual %),NY.GDP.MKTP.KD.ZG,3.67236899158758,3.21656104359991,3.50559938805222,2.96026024772419,4.35919303625849,3.79797049059447,5.74639693377593,6.98016242822632,3.50984122639673,-7.54843872032357,1.34374847578032,0.861329048743073,-2.63943872926306,-1.02928383130694,2.76815801959029,2.2100816239482,3.1216997819147,4.83338291255969,4.11821785906514,2.44299191497164
Solomon Islands,SLB,GDP growth (annual %),NY.GDP.MKTP.KD.ZG,-14.2674830306195,-7.97856443243188,-2.80000252181047,6.50000183044391,4.89837094604692,5.42119323241317,6.94664999831065,7.32000126370325,7.1062702384457,-4.73834652594546,6.80904500865549,13.1956321465564,4.55539476874381,3.01784955395514,2.25009094691579,2.54223960716094,3.22094720274958,3.69361912552802,3.85471202573473,2.69398505322623
Somalia,SOM,GDP growth (annual %),NY.GDP.MKTP.KD.ZG,..,..,..,..,..,..,..,..,..,..,..,..,..,..,..,..,..,..,..,..
South Africa,ZAF,GDP growth (annual %),NY.GDP.MKTP.KD.ZG,4.20000347551795,2.69999456713741,3.70038235175596,2.9490791374903,4.55455274472709,5.2770563116366,5.60379765712011,5.36047589053663,3.19104674115678,-1.53808933379921,3.03973081360166,3.2841681423114,2.21335480848441,2.4852005003106,1.84699160365717,1.19373280124428,0.399087929556359,1.41451262585058,0.787055570495099,0.152583316664234
South Sudan,SSD,GDP growth (annual %),NY.GDP.MKTP.KD.ZG,..,..,..,..,..,..,..,..,..,5.04164187983342,5.49341639529945,-4.64031673600859,-46.0821223743007,13.1297311406943,3.37364847715736,-10.7933646271143,..,..,..,..
Spain,ESP,GDP growth (annual %),NY.GDP.MKTP.KD.ZG,5.24599468041613,3.93294884333099,2.73102223160264,2.98189483596207,3.12279524151424,3.65203267433178,4.10272711542463,3.60468797126931,0.887145182485298,-3.76323192690089,0.163010230841422,-0.81437345515107,-2.95944130173555,-1.43539425919327,1.38390794267029,3.83517266033846,3.03130132981933,2.8917681073267,2.35100813140505,1.97910056122981
Sri Lanka,LKA,GDP growth (annual %),NY.GDP.MKTP.KD.ZG,6.00003316014399,-1.54540813414314,3.96467568566092,5.94026907760478,5.44506127789968,6.24174804465225,7.66829190011271,6.79682611895811,5.9500881450785,3.53891205299132,8.01596737088065,8.404733021011,9.14457224642567,3.39573264983426,4.9607005916973,5.00768330472781,4.48663453096836,3.5781696792194,3.30641741317297,2.283465301232
St. Kitts and Nevis,KNA,GDP growth (annual %),NY.GDP.MKTP.KD.ZG,10.4071927568801,5.5172556312431,2.46969733094421,-3.44424898459603,4.05790032188251,9.695234587011,0.911335050490166,0.600602326543751,6.12099156178407,-4.04843042567738,-0.608199471472417,1.82786047745658,-2.2274579371899,5.38366020854242,6.28584648825472,1.03166367156851,2.8278961635009,-1.97780993728895,2.92392428219199,2.50470900748611
St. Lucia,LCA,GDP growth (annual %),NY.GDP.MKTP.KD.ZG,0.0487484244816159,-3.40806422158954,0.416450458052026,4.26461099825595,7.26740892907998,-0.410303993187952,6.19525615354391,1.69161857433913,4.9493219402806,-2.82889954830631,1.60386238499591,5.48341133345708,-0.199851740436472,-3.17437760445316,1.75866590118241,-1.36048466199094,3.98686894846038,3.48884865954713,2.63946235416486,1.72883843181566
St. Martin (French part),MAF,GDP growth (annual %),NY.GDP.MKTP.KD.ZG,..,..,..,..,..,..,..,..,..,..,..,..,..,..,..,..,..,..,..,..
St. Vincent and the Grenadines,VCT,GDP growth (annual %),NY.GDP.MKTP.KD.ZG,1.6391788812376,1.70926360313264,6.32164757607315,7.68979123652555,4.15628428971996,2.48800485493084,7.68836096908383,3.34256009087768,1.58447179277434,-2.09906125903019,-3.35343741019349,-0.419296168353213,1.38208741166592,1.83297665252033,1.21403892048492,1.3302754984134,1.89744094374242,1.00035787930948,2.16312894408262,0.34242804606815
Sudan,SDN,GDP growth (annual %),NY.GDP.MKTP.KD.ZG,6.34586776869979,6.50036042069746,6.42727390137165,7.7345917170439,3.88330729113338,7.48973814215957,10.0643080017239,11.5219100333712,7.80196333439382,3.24184757224295,-0.333179159061743,3.79775664868008,-1.43983571862924,4.39469583274585,2.67942566815047,4.90604187922439,4.69997603878434,4.28308669660187,-2.32082732082732,-2.55550593992368
Suriname,SUR,GDP growth (annual %),NY.GDP.MKTP.KD.ZG,2.09999865984885,4.2000000498676,2.80000088878391,6.29999908221957,8.50000027371874,4.50000069195518,5.79354358929889,5.11148780805843,4.14340652524501,3.01369863013699,5.16882516188714,5.84936778449699,2.69035005713098,2.93344123002225,0.255503144654085,-3.41109586355617,-5.56119342399026,1.76230388996346,2.61879619852165,-0.771763737394522
Sweden,SWE,GDP growth (annual %),NY.GDP.MKTP.KD.ZG,4.7663488714872,1.44949861796981,2.1969210621746,2.30981059032811,4.33685615384474,2.85880323990261,4.66277355175126,3.43922177600065,-0.450559256743361,-4.33979057452935,5.95210700755608,3.1953332348894,-0.588304568990736,1.187775715906,2.65779827531642,4.48928158790491,2.07059315052096,2.56792452526476,1.95002284569983,1.19485342626979
Switzerland,CHE,GDP growth (annual %),NY.GDP.MKTP.KD.ZG,3.93682345160296,1.31242364642358,0.162612928033482,0.0395765523850713,2.7762235022325,3.11524553382058,3.9886342183062,4.11187780191638,2.15470187499479,-2.22210710973518,3.00269909795094,1.69280849588989,1.00602409431356,1.85203976649476,2.44921808715628,1.33336908175492,1.72274065567395,1.79940898587698,2.7505537137187,0.928832440259029
Syrian Arab Republic,SYR,GDP growth (annual %),NY.GDP.MKTP.KD.ZG,2.74285739723466,5.20094280966813,5.89999999999999,0.599999999805533,6.90000000448447,6.19999999952985,4.99999999829737,5.69999999644881,..,..,..,..,..,..,..,..,..,..,..,..
Tajikistan,TJK,GDP growth (annual %),NY.GDP.MKTP.KD.ZG,8.3243244947386,9.58083617842948,10.8378916632718,10.9285085143187,10.3703737552345,6.64429371817425,7.04845892716503,7.76013930254112,7.91052953263562,3.89282113024851,6.5206807512775,7.40064054338714,7.48617522370516,7.40008125648346,6.70596816770588,6.0082878718954,6.87296379689192,7.61749269091885,7.30000028747864,7.01126898499351
Tanzania,TZA,GDP growth (annual %),NY.GDP.MKTP.KD.ZG,4.52078463488321,6.07080828847816,7.09319498353686,6.67278982908313,7.50381466047718,7.47631925782292,6.53222139030167,6.76853520180663,5.68641685976419,5.26910524791853,6.33652342747493,7.67215543499384,4.50015355982127,6.78158560065316,6.73246186832482,6.16062877406685,6.86711619644551,6.78568011405196,5.44496763189639,5.79137137632071
Thailand,THA,GDP growth (annual %),NY.GDP.MKTP.KD.ZG,4.45524704335014,3.44424900968372,6.14901765404142,7.18926188176363,6.28934214285795,4.18763842884337,4.96781089246107,5.43515169050809,1.72569884866334,-0.690618232300579,7.51339053261624,0.840132083053334,7.24279620249642,2.68749556320556,0.984425109933866,3.13389696194272,3.4292197120426,4.06625034855084,4.15076208786206,2.37187626010143
Timor-Leste,TLS,GDP growth (annual %),NY.GDP.MKTP.KD.ZG,..,16.3476915812465,-6.70069468889993,-2.18226723759028,0.400000000000006,3.01896288712339,-4.10961490739265,10.2277535955458,11.3393062981319,9.98824228416734,9.45921909407321,5.80671078732367,6.01658762142027,2.12496163661102,4.4506784503975,3.0559899844917,3.55051798690673,-3.79864861152001,-0.77985783563804,3.41419234594697
Togo,TGO,GDP growth (annual %),NY.GDP.MKTP.KD.ZG,-0.783479607131198,0.823438748715603,3.82662258239365,6.72017142050632,-0.978665336130646,-4.66629937894987,2.6501320966634,-1.17512038896686,4.06225282796197,5.53791097176415,6.09925916082048,6.39819905238801,6.54350703065616,6.11234307771727,5.92058857118545,5.74286845333449,5.55907930638588,4.35741391467568,4.91014753954207,5.31253500494988
Tonga,TON,GDP growth (annual %),NY.GDP.MKTP.KD.ZG,3.36983969352882,3.60178865486218,3.41887664850631,2.10858165645418,-0.351420004201771,1.58216837635834,-0.812222113881873,-4.16577572183193,3.09951986860753,2.29061270376616,3.58565737051792,2.78514588859416,0.890322580645162,-3.12060365775675,2.07260726072607,3.71184687015003,3.37947374984412,2.69999999999999,0.299994244658407,..
Trinidad and Tobago,TTO,GDP growth (annual %),NY.GDP.MKTP.KD.ZG,6.90135959072808,4.16852398185421,7.9367096871533,14.4409895389735,7.95005151069972,6.20893787954174,13.2080586051735,4.75420970092722,3.39173707807386,-4.39172924746137,3.32322471027371,-0.294354409043763,1.26996436520241,2.22907480476582,-0.912544968808263,1.82318469697719,-6.29644695601787,-2.31211562077206,-0.245213697183118,-0.00237163220216985
Tunisia,TUN,GDP growth (annual %),NY.GDP.MKTP.KD.ZG,4.70985994539875,3.7961838271068,1.32256361779679,4.70241181486099,6.23579386934145,3.48653581548528,5.24419518465966,6.70962039184595,4.23777683573512,3.04344895484181,3.5106086386031,-1.91717767962636,3.99767400230937,2.87552384230733,2.97139834510902,1.19454175326123,1.15960097473781,1.91692832666639,2.66445332282932,1.04278001589519
Turkey,TUR,GDP growth (annual %),NY.GDP.MKTP.KD.ZG,6.64006112238262,-5.96231075811774,6.43027863509313,5.60825509280285,9.64432258212769,9.00985331141075,7.10970343147324,5.03045758897494,0.845251451773194,-4.70446591742834,8.48737218680751,11.1134955478506,4.78994020703441,8.49130939268635,5.16669070304552,6.08588663198672,3.18383154306613,7.47086689265535,2.82677611834386,0.877433457567804
Turkmenistan,TKM,GDP growth (annual %),NY.GDP.MKTP.KD.ZG,5.46906413252854,4.34384571432727,0.257179925006284,3.26882855955344,5.00040743766748,13.034034870022,10.9733083254017,11.05929947045,14.7,6.10000011485643,9.19999998805483,14.6999999278723,11.0999999615545,10.200000101399,10.2999999705459,6.49999990951666,6.1999999664301,6.50000004682975,6.19999994137119,..
Tuvalu,TUV,GDP growth (annual %),NY.GDP.MKTP.KD.ZG,-0.970599813962579,1.6341076435429,7.88617435911635,-3.33353653254449,-1.35218111393969,-3.77972996161054,2.13893832850205,6.35056487504279,7.98326090455497,-4.43285139365031,-2.72942791190968,7.51595420581725,-3.83574882108887,4.57682370419998,1.34801268229315,9.14289393283154,3.03472315323769,4.0940177168018,2.50000000000001,9.75609756097559
Uganda,UGA,GDP growth (annual %),NY.GDP.MKTP.KD.ZG,3.14190733820374,5.18366112628934,8.73268576401547,6.47325867148668,6.80723334427047,6.33256511630913,10.7847443860372,8.41242596550525,8.7087519014194,6.8015173480144,5.63761163803866,9.39165549287489,3.83745560590334,3.58690582632011,5.10630732431181,5.1878598625444,4.78100029137663,3.89774765681456,6.1550799759938,6.50734252680792
Ukraine,UKR,GDP growth (annual %),NY.GDP.MKTP.KD.ZG,5.89999999959731,9.20369481605883,5.24934061999014,9.51592306455673,12.1087694905521,2.99730011170958,7.43991793435069,7.59352040825819,2.30402491084496,-14.7585621734729,3.83439250483319,5.46550184584432,0.238681720768113,-0.0266978900718868,-6.55263129365765,-9.77296079067543,2.23506761905661,2.46603562470679,3.40529852208769,3.23349118845559
United Arab Emirates,ARE,GDP growth (annual %),NY.GDP.MKTP.KD.ZG,10.8527042125986,1.3990850303263,2.43345681036156,8.80054081486432,9.56643663716162,4.85514119630905,9.83731977348489,3.1843901736724,3.19183627610384,-5.2429219066759,1.60280996068229,6.93027162943835,4.4846260849087,5.05334582526655,4.2843036857948,5.10593698394698,3.06096430837654,2.37353670828252,1.18985564163665,1.67772037080395
United Kingdom,GBR,GDP growth (annual %),NY.GDP.MKTP.KD.ZG,3.43747162195275,2.97436368031538,2.32435110202924,3.28637757120269,2.37395144077968,3.17972892405965,2.78832455947308,2.43055321242285,-0.281153589519334,-4.24782174662953,1.94952148180782,1.54014736820638,1.4789239471568,2.13948570108317,2.6074759063105,2.35552430595799,1.91815510596298,1.89207703836381,1.34072057725849,1.40864210073207
United States,USA,GDP growth (annual %),NY.GDP.MKTP.KD.ZG,4.12748401355853,0.9983407946565,1.7416952497298,2.86121076741024,3.79889112662393,3.51321379665302,2.85497229170015,1.87617145846693,-0.136579805460741,-2.53675706585665,2.56376655876581,1.55083550568156,2.24954585236993,1.84208107101101,2.45197303536034,2.88091046605219,1.56721516997864,2.21701033031884,2.92732272821085,2.33357749194288
Uruguay,URY,GDP growth (annual %),NY.GDP.MKTP.KD.ZG,-1.92993063972195,-3.84412996680351,-7.73200721167176,0.805283917375888,5.00416036509026,7.46013210559531,4.09857736243519,6.5415108477149,7.17614466203757,4.24349417792638,7.80340966844247,5.16213302579712,3.53817870685688,4.63753864311411,3.23879121621601,0.370741266957879,1.68979816237868,2.59133869422379,1.62008361586233,0.222121734706946
Uzbekistan,UZB,GDP growth (annual %),NY.GDP.MKTP.KD.ZG,3.83499999927004,4.16383825002498,3.97348819224499,4.23262738160616,7.4490006050185,6.95000719688336,7.45141847564537,9.47300530489517,9.02916101722255,8.0509333283447,7.59716796084425,7.78490586423924,7.37568798633509,7.58453784867193,7.1793995501849,7.44770507451466,6.09421023859676,4.46152609017476,5.44644486224462,5.5637239532422
Vanuatu,VUT,GDP growth (annual %),NY.GDP.MKTP.KD.ZG,5.92204453891594,-3.48850775872127,-5.11121856866538,4.29343117769965,3.98475483130143,5.30285230957195,8.46515986523573,5.17351325777055,6.44852135815992,3.31281580156177,1.62908159635768,1.22322553548928,1.75474992652525,1.96914608039688,2.30434710165453,0.162866449511398,3.47154471544715,4.41266598569969,2.79939196002587,2.91056029749792
"Venezuela, RB",VEN,GDP growth (annual %),NY.GDP.MKTP.KD.ZG,3.68694416687683,3.3942361077907,-8.85564735286779,-7.75530004959883,18.2866066891245,10.3179138043148,9.87214910851037,8.7535788078585,5.27785412398782,-3.20230265749002,-1.48879125078348,4.17642535923927,5.62595697508641,1.34309403607476,-3.89438647450662,..,..,..,..,..
Vietnam,VNM,GDP growth (annual %),NY.GDP.MKTP.KD.ZG,6.78731640822197,6.1928933118123,6.32082098771049,6.89906349174233,7.53641061182057,7.5472477272281,6.97795481183347,7.12950448396323,5.66177120802432,5.39789754276676,6.42323821717494,6.24030274887527,5.2473671560487,5.42188299130713,5.98365463697851,6.67928878891431,6.21081166789989,6.8122456596398,7.07578861674985,7.0174348821878
"Yemen, Rep.",YEM,GDP growth (annual %),NY.GDP.MKTP.KD.ZG,6.1819155928913,3.80364587188127,3.9352315052778,3.7473981848911,3.97269640118303,5.59174807563268,3.17040935922364,3.33842795605096,3.64756947012633,3.86622951587742,7.70230703961865,-12.7148230174988,2.3928856820532,4.82341498124977,-0.18859144906115,-27.9944385179254,-9.37505950816737,-5.07201001878522,0.752598678967971,..
Zambia,ZMB,GDP growth (annual %),NY.GDP.MKTP.KD.ZG,3.89732294341896,5.31686827418419,4.50601428032601,6.94497398221226,7.03239511515217,7.23559900655543,7.90369444480081,8.35243624447408,7.7738958154236,9.2203484058663,10.2982233241213,5.56460233670752,7.59759321053188,5.05749092570618,4.69772915005061,2.91998021228818,3.77677549218025,3.50432594764749,4.03481156968182,1.70579287476636
Zimbabwe,ZWE,GDP growth (annual %),NY.GDP.MKTP.KD.ZG,-3.05918976180379,1.43961538448976,-8.89402363304285,-16.9950746940262,-5.80753805534708,-5.71108367972599,-3.46149519231606,-3.6533268588292,-17.6689462852054,12.0195599268985,19.6753231424645,14.1939129572162,16.6654287684678,1.98949276207208,2.37692932698003,1.77987270340296,0.75586925093063,4.70403539054713,4.82967359109212,-8.10000019886094
Central African Republic,CAF,GDP growth (annual %),NY.GDP.MKTP.KD.ZG,-2.48943244028874,4.46473902640867,3.61654219150596,-5.39748521855877,5.99488422798696,0.908210514871953,4.77108543044105,4.60753485452028,2.05413096200485,8.58726042640994,4.63081843223307,4.19461533741989,5.05376125356918,-36.3919770983887,0.0810705153264877,4.33712103020234,4.75031684122339,4.52727821346231,3.78944359275462,2.97027564753407
,,,,,,,,,,,,,,,,,,,,,,,
,,,,,,,,,,,,,,,,,,,,,,,
,,,,,,,,,,,,,,,,,,,,,,,
Data from database: World Development Indicators,,,,,,,,,,,,,,,,,,,,,,,
Last Updated: 10/15/2020,,,,,,,,,,,,,,,,,,,,,,,
